1st choice,2nd choice,3rd choice,weight
Abdi Gurhan Mohamed,Abdi Gurhan Mohamed,Abdi Gurhan Mohamed,313
Abdi Gurhan Mohamed,Abdi Gurhan Mohamed,Ak Hassan,8
Abdi Gurhan Mohamed,Abdi Gurhan Mohamed,Charles Exner,2
Abdi Gurhan Mohamed,Abdi Gurhan Mohamed,Uwi,2
Abdi Gurhan Mohamed,Ak Hassan,Abdi Gurhan Mohamed,18
Abdi Gurhan Mohamed,Ak Hassan,Ak Hassan,6
Abdi Gurhan Mohamed,Ak Hassan,Charles Exner,1009
Abdi Gurhan Mohamed,Ak Hassan,Uwi,19
Abdi Gurhan Mohamed,Charles Exner,Abdi Gurhan Mohamed,8
Abdi Gurhan Mohamed,Charles Exner,Ak Hassan,392
Abdi Gurhan Mohamed,Charles Exner,Charles Exner,4
Abdi Gurhan Mohamed,Charles Exner,Uwi,4
Abdi Gurhan Mohamed,Uwi,Ak Hassan,1
Abdi Gurhan Mohamed,Uwi,Charles Exner,1
Abdi Gurhan Mohamed,Uwi,Uwi,11
Abdi Warsame,Abdi Warsame,Abdi Warsame,313
Abdi Warsame,Abdi Warsame,Fadumo Yusuf,1
Abdi Warsame,Abdi Warsame,Mohamud Noor,4
Abdi Warsame,Fadumo Yusuf,Abdi Warsame,5
Abdi Warsame,Fadumo Yusuf,Mohamud Noor,59
Abdi Warsame,Fadumo Yusuf,Uwi,2
Abdi Warsame,Mohamud Noor,Abdi Warsame,16
Abdi Warsame,Mohamud Noor,Fadumo Yusuf,245
Abdi Warsame,Mohamud Noor,Mohamud Noor,14
Abdi Warsame,Mohamud Noor,Uwi,47
Abdi Warsame,Uwi,Mohamud Noor,1
Abdi Warsame,Uwi,Uwi,5
Ak Hassan,Abdi Gurhan Mohamed,Abdi Gurhan Mohamed,4
Ak Hassan,Abdi Gurhan Mohamed,Ak Hassan,13
Ak Hassan,Abdi Gurhan Mohamed,Charles Exner,1450
Ak Hassan,Abdi Gurhan Mohamed,Uwi,42
Ak Hassan,Ak Hassan,Abdi Gurhan Mohamed,9
Ak Hassan,Ak Hassan,Ak Hassan,462
Ak Hassan,Ak Hassan,Charles Exner,5
Ak Hassan,Charles Exner,Abdi Gurhan Mohamed,633
Ak Hassan,Charles Exner,Ak Hassan,5
Ak Hassan,Charles Exner,Charles Exner,1
Ak Hassan,Charles Exner,Uwi,12
Ak Hassan,Uwi,Charles Exner,1
Ak Hassan,Uwi,Uwi,15
Alondra Cano,Alondra Cano,Alondra Cano,54
Alondra Cano,Alondra Cano,Gary Schiff,3
Alondra Cano,Alondra Cano,Mohamed Farah,3
Alondra Cano,Gary Schiff,Alondra Cano,1
Alondra Cano,Gary Schiff,Gary Schiff,2
Alondra Cano,Gary Schiff,Mohamed Farah,571
Alondra Cano,Gary Schiff,Ronald W. Peterson,26
Alondra Cano,Gary Schiff,Uwi,7
Alondra Cano,Mohamed Farah,Alondra Cano,1
Alondra Cano,Mohamed Farah,Gary Schiff,641
Alondra Cano,Mohamed Farah,Mohamed Farah,4
Alondra Cano,Mohamed Farah,Ronald W. Peterson,29
Alondra Cano,Mohamed Farah,Uwi,18
Alondra Cano,Ronald W. Peterson,Gary Schiff,11
Alondra Cano,Ronald W. Peterson,Mohamed Farah,4
Alondra Cano,Ronald W. Peterson,Uwi,4
Alondra Cano,Uwi,Gary Schiff,3
Alondra Cano,Uwi,Mohamed Farah,1
Alondra Cano,Uwi,Uwi,17
Andrea Fahrenkrug,Andrea Fahrenkrug,Andrea Fahrenkrug,27
Andrea Fahrenkrug,Andrea Fahrenkrug,Bill Shroyer,2
Andrea Fahrenkrug,Andrea Fahrenkrug,Steffanie Musich,1
Andrea Fahrenkrug,Bill Shroyer,Andrea Fahrenkrug,8
Andrea Fahrenkrug,Bill Shroyer,Bill Shroyer,1
Andrea Fahrenkrug,Bill Shroyer,Steffanie Musich,397
Andrea Fahrenkrug,Bill Shroyer,Uwi,12
Andrea Fahrenkrug,Steffanie Musich,Andrea Fahrenkrug,5
Andrea Fahrenkrug,Steffanie Musich,Bill Shroyer,1047
Andrea Fahrenkrug,Steffanie Musich,Steffanie Musich,3
Andrea Fahrenkrug,Steffanie Musich,Uwi,12
Andrea Fahrenkrug,Uwi,Steffanie Musich,1
Andrea Fahrenkrug,Uwi,Uwi,6
Andrea Jenkins,Andrea Jenkins,Andrea Jenkins,59
Andrea Jenkins,Andrea Jenkins,April Kane,6
Andrea Jenkins,Andrea Jenkins,Terry White,3
Andrea Jenkins,April Kane,Andrea Jenkins,12
Andrea Jenkins,April Kane,April Kane,8
Andrea Jenkins,April Kane,David Holsinger,192
Andrea Jenkins,April Kane,Terry White,1098
Andrea Jenkins,April Kane,Uwi,27
Andrea Jenkins,David Holsinger,Andrea Jenkins,1
Andrea Jenkins,David Holsinger,April Kane,31
Andrea Jenkins,David Holsinger,David Holsinger,1
Andrea Jenkins,David Holsinger,Terry White,35
Andrea Jenkins,Terry White,Andrea Jenkins,6
Andrea Jenkins,Terry White,April Kane,792
Andrea Jenkins,Terry White,David Holsinger,122
Andrea Jenkins,Terry White,Terry White,2
Andrea Jenkins,Terry White,Uwi,15
Andrea Jenkins,Uwi,April Kane,2
Andrea Jenkins,Uwi,Terry White,2
Andrea Jenkins,Uwi,Uwi,21
Andrew Johnson,Andrew Johnson,Andrew Johnson,178
Andrew Johnson,Andrew Johnson,Harrison Bullard,6
Andrew Johnson,Andrew Johnson,Uwi,1
Andrew Johnson,Andrew Johnson,Will Jaeger,11
Andrew Johnson,Harrison Bullard,Andrew Johnson,4
Andrew Johnson,Harrison Bullard,Harrison Bullard,3
Andrew Johnson,Harrison Bullard,Uwi,24
Andrew Johnson,Harrison Bullard,Will Jaeger,1002
Andrew Johnson,Uwi,Harrison Bullard,10
Andrew Johnson,Uwi,Uwi,44
Andrew Johnson,Uwi,Will Jaeger,6
Andrew Johnson,Will Jaeger,Andrew Johnson,7
Andrew Johnson,Will Jaeger,Harrison Bullard,1107
Andrew Johnson,Will Jaeger,Uwi,26
Andrew Johnson,Will Jaeger,Will Jaeger,4
April Kane,Andrea Jenkins,Andrea Jenkins,6
April Kane,Andrea Jenkins,April Kane,6
April Kane,Andrea Jenkins,David Holsinger,67
April Kane,Andrea Jenkins,Terry White,249
April Kane,Andrea Jenkins,Uwi,12
April Kane,April Kane,Andrea Jenkins,2
April Kane,April Kane,April Kane,19
April Kane,April Kane,David Holsinger,1
April Kane,David Holsinger,Andrea Jenkins,8
April Kane,David Holsinger,April Kane,1
April Kane,David Holsinger,Terry White,11
April Kane,Terry White,Andrea Jenkins,27
April Kane,Terry White,David Holsinger,15
April Kane,Terry White,Uwi,3
April Kane,Uwi,Andrea Jenkins,1
"Barbara A. ""Barb"" Johnson","Barbara A. ""Barb"" Johnson","Barbara A. ""Barb"" Johnson",85
"Barbara A. ""Barb"" Johnson","Barbara A. ""Barb"" Johnson",Dana Hansen,2
"Barbara A. ""Barb"" Johnson","Barbara A. ""Barb"" Johnson",Phillipe M. Cunningham,4
"Barbara A. ""Barb"" Johnson","Barbara A. ""Barb"" Johnson",Stephanie Gasca,4
"Barbara A. ""Barb"" Johnson","Barbara A. ""Barb"" Johnson",Uwi,1
"Barbara A. ""Barb"" Johnson",Dana Hansen,Dana Hansen,1
"Barbara A. ""Barb"" Johnson",Dana Hansen,Phillipe M. Cunningham,34
"Barbara A. ""Barb"" Johnson",Dana Hansen,Stephanie Gasca,63
"Barbara A. ""Barb"" Johnson",Dana Hansen,Uwi,1
"Barbara A. ""Barb"" Johnson",Phillipe M. Cunningham,"Barbara A. ""Barb"" Johnson",4
"Barbara A. ""Barb"" Johnson",Phillipe M. Cunningham,Dana Hansen,68
"Barbara A. ""Barb"" Johnson",Phillipe M. Cunningham,Phillipe M. Cunningham,13
"Barbara A. ""Barb"" Johnson",Phillipe M. Cunningham,Stephanie Gasca,383
"Barbara A. ""Barb"" Johnson",Phillipe M. Cunningham,Uwi,6
"Barbara A. ""Barb"" Johnson",Stephanie Gasca,"Barbara A. ""Barb"" Johnson",3
"Barbara A. ""Barb"" Johnson",Stephanie Gasca,Dana Hansen,101
"Barbara A. ""Barb"" Johnson",Stephanie Gasca,Phillipe M. Cunningham,267
"Barbara A. ""Barb"" Johnson",Stephanie Gasca,Stephanie Gasca,5
"Barbara A. ""Barb"" Johnson",Stephanie Gasca,Uwi,3
"Barbara A. ""Barb"" Johnson",Uwi,Phillipe M. Cunningham,2
"Barbara A. ""Barb"" Johnson",Uwi,Uwi,10
Bill Shroyer,Andrea Fahrenkrug,Andrea Fahrenkrug,5
Bill Shroyer,Andrea Fahrenkrug,Bill Shroyer,7
Bill Shroyer,Andrea Fahrenkrug,Steffanie Musich,587
Bill Shroyer,Andrea Fahrenkrug,Uwi,33
Bill Shroyer,Bill Shroyer,Andrea Fahrenkrug,2
Bill Shroyer,Bill Shroyer,Bill Shroyer,42
Bill Shroyer,Bill Shroyer,Steffanie Musich,2
Bill Shroyer,Steffanie Musich,Andrea Fahrenkrug,798
Bill Shroyer,Steffanie Musich,Bill Shroyer,7
Bill Shroyer,Steffanie Musich,Steffanie Musich,3
Bill Shroyer,Steffanie Musich,Uwi,13
Bill Shroyer,Uwi,Andrea Fahrenkrug,1
Bill Shroyer,Uwi,Steffanie Musich,1
Bill Shroyer,Uwi,Uwi,14
Billy Menz,Billy Menz,Billy Menz,57
Billy Menz,Billy Menz,Chris Meyer,7
Billy Menz,Billy Menz,Mohamed Issa Barre,2
Billy Menz,Chris Meyer,Billy Menz,20
Billy Menz,Chris Meyer,Chris Meyer,8
Billy Menz,Chris Meyer,Mohamed Issa Barre,1264
Billy Menz,Chris Meyer,Uwi,31
Billy Menz,Mohamed Issa Barre,Chris Meyer,666
Billy Menz,Mohamed Issa Barre,Mohamed Issa Barre,2
Billy Menz,Mohamed Issa Barre,Uwi,14
Billy Menz,Uwi,Mohamed Issa Barre,1
Billy Menz,Uwi,Uwi,11
Blong Yang,Blong Yang,Blong Yang,150
Blong Yang,Blong Yang,Jeremiah Ellison,6
Blong Yang,Cathy Spann,Blong Yang,6
Blong Yang,Cathy Spann,Cathy Spann,1
Blong Yang,Cathy Spann,Jeremiah Ellison,76
Blong Yang,Cathy Spann,Raeisha (Ra) Williams,77
Blong Yang,Cathy Spann,Uwi,5
Blong Yang,Jeremiah Ellison,Blong Yang,7
Blong Yang,Jeremiah Ellison,Cathy Spann,156
Blong Yang,Jeremiah Ellison,Jeremiah Ellison,13
Blong Yang,Jeremiah Ellison,Raeisha (Ra) Williams,234
Blong Yang,Jeremiah Ellison,Uwi,6
Blong Yang,Raeisha (Ra) Williams,Blong Yang,2
Blong Yang,Raeisha (Ra) Williams,Cathy Spann,64
Blong Yang,Raeisha (Ra) Williams,Jeremiah Ellison,101
Blong Yang,Raeisha (Ra) Williams,Uwi,3
Blong Yang,Uwi,Jeremiah Ellison,1
Blong Yang,Uwi,Uwi,7
Bob Fine,Bob Fine,Bob Fine,78
Bob Fine,Bob Fine,Brad Bourn,3
Bob Fine,Bob Fine,Jennifer Zielinski,5
Bob Fine,Brad Bourn,Bob Fine,7
Bob Fine,Brad Bourn,Brad Bourn,4
Bob Fine,Brad Bourn,Jennifer Zielinski,546
Bob Fine,Brad Bourn,"Robert M Schlosser ""Bob""",267
Bob Fine,Brad Bourn,Uwi,17
Bob Fine,Jennifer Zielinski,Bob Fine,7
Bob Fine,Jennifer Zielinski,Brad Bourn,423
Bob Fine,Jennifer Zielinski,Jennifer Zielinski,6
Bob Fine,Jennifer Zielinski,"Robert M Schlosser ""Bob""",523
Bob Fine,Jennifer Zielinski,Uwi,15
Bob Fine,"Robert M Schlosser ""Bob""",Bob Fine,10
Bob Fine,"Robert M Schlosser ""Bob""",Brad Bourn,145
Bob Fine,"Robert M Schlosser ""Bob""",Jennifer Zielinski,264
Bob Fine,"Robert M Schlosser ""Bob""",Uwi,7
Bob Fine,Uwi,Brad Bourn,1
Bob Fine,Uwi,Jennifer Zielinski,1
Bob Fine,Uwi,"Robert M Schlosser ""Bob""",2
Bob Fine,Uwi,Uwi,25
Bob Reuer,Bob Reuer,Bob Reuer,83
Bob Reuer,Bob Reuer,Linea Palmisano,13
Bob Reuer,Bob Reuer,Uwi,1
Bob Reuer,Linea Palmisano,Bob Reuer,20
Bob Reuer,Linea Palmisano,Linea Palmisano,4
Bob Reuer,Linea Palmisano,Uwi,42
Bob Reuer,Uwi,Linea Palmisano,8
Bob Reuer,Uwi,Uwi,57
Brad Bourn,Bob Fine,Bob Fine,3
Brad Bourn,Bob Fine,Brad Bourn,9
Brad Bourn,Bob Fine,Jennifer Zielinski,737
Brad Bourn,Bob Fine,"Robert M Schlosser ""Bob""",326
Brad Bourn,Bob Fine,Uwi,35
Brad Bourn,Brad Bourn,Bob Fine,7
Brad Bourn,Brad Bourn,Brad Bourn,58
Brad Bourn,Brad Bourn,Jennifer Zielinski,1
Brad Bourn,Brad Bourn,"Robert M Schlosser ""Bob""",1
Brad Bourn,Jennifer Zielinski,Bob Fine,358
Brad Bourn,Jennifer Zielinski,Brad Bourn,2
Brad Bourn,Jennifer Zielinski,Jennifer Zielinski,2
Brad Bourn,Jennifer Zielinski,"Robert M Schlosser ""Bob""",276
Brad Bourn,Jennifer Zielinski,Uwi,16
Brad Bourn,"Robert M Schlosser ""Bob""",Bob Fine,124
Brad Bourn,"Robert M Schlosser ""Bob""",Jennifer Zielinski,117
Brad Bourn,"Robert M Schlosser ""Bob""","Robert M Schlosser ""Bob""",1
Brad Bourn,"Robert M Schlosser ""Bob""",Uwi,3
Brad Bourn,Uwi,Bob Fine,4
Brad Bourn,Uwi,Jennifer Zielinski,3
Brad Bourn,Uwi,"Robert M Schlosser ""Bob""",1
Brad Bourn,Uwi,Uwi,42
Bruce Lundeen,Bruce Lundeen,Bruce Lundeen,18
Bruce Lundeen,Bruce Lundeen,Lisa Bender,1
Bruce Lundeen,Bruce Lundeen,Uwi,1
Bruce Lundeen,David Schorn,Bruce Lundeen,2
Bruce Lundeen,David Schorn,David Schorn,1
Bruce Lundeen,David Schorn,Lisa Bender,29
Bruce Lundeen,David Schorn,Saralyn Romanishan,42
Bruce Lundeen,David Schorn,Uwi,3
Bruce Lundeen,Lisa Bender,Bruce Lundeen,1
Bruce Lundeen,Lisa Bender,David Schorn,24
Bruce Lundeen,Lisa Bender,Saralyn Romanishan,14
Bruce Lundeen,Lisa Bender,Uwi,1
Bruce Lundeen,Saralyn Romanishan,David Schorn,29
Bruce Lundeen,Saralyn Romanishan,Lisa Bender,14
Bruce Lundeen,Uwi,Uwi,5
Cam Gordon,Cam Gordon,Cam Gordon,803
Cam Gordon,Cam Gordon,Uwi,8
Cam Gordon,Uwi,Cam Gordon,3
Cam Gordon,Uwi,Uwi,67
Cathy Spann,Blong Yang,Jeremiah Ellison,20
Cathy Spann,Blong Yang,Raeisha (Ra) Williams,8
Cathy Spann,Blong Yang,Uwi,2
Cathy Spann,Cathy Spann,Cathy Spann,7
Cathy Spann,Cathy Spann,Raeisha (Ra) Williams,1
Cathy Spann,Jeremiah Ellison,Blong Yang,20
Cathy Spann,Jeremiah Ellison,Cathy Spann,2
Cathy Spann,Jeremiah Ellison,Raeisha (Ra) Williams,25
Cathy Spann,Raeisha (Ra) Williams,Blong Yang,9
Cathy Spann,Raeisha (Ra) Williams,Jeremiah Ellison,21
Cathy Spann,Uwi,Uwi,1
Charles Exner,Abdi Gurhan Mohamed,Abdi Gurhan Mohamed,3
Charles Exner,Abdi Gurhan Mohamed,Ak Hassan,302
Charles Exner,Abdi Gurhan Mohamed,Charles Exner,9
Charles Exner,Abdi Gurhan Mohamed,Uwi,9
Charles Exner,Ak Hassan,Abdi Gurhan Mohamed,455
Charles Exner,Ak Hassan,Ak Hassan,3
Charles Exner,Ak Hassan,Charles Exner,4
Charles Exner,Ak Hassan,Uwi,11
Charles Exner,Charles Exner,Abdi Gurhan Mohamed,1
Charles Exner,Charles Exner,Ak Hassan,2
Charles Exner,Charles Exner,Charles Exner,88
Charles Exner,Charles Exner,Uwi,1
Charles Exner,Uwi,Abdi Gurhan Mohamed,4
Charles Exner,Uwi,Ak Hassan,2
Charles Exner,Uwi,Uwi,35
Chris Meyer,Billy Menz,Billy Menz,5
Chris Meyer,Billy Menz,Chris Meyer,20
Chris Meyer,Billy Menz,Mohamed Issa Barre,1648
Chris Meyer,Billy Menz,Uwi,59
Chris Meyer,Chris Meyer,Billy Menz,10
Chris Meyer,Chris Meyer,Chris Meyer,59
Chris Meyer,Chris Meyer,Mohamed Issa Barre,1
Chris Meyer,Mohamed Issa Barre,Billy Menz,928
Chris Meyer,Mohamed Issa Barre,Chris Meyer,3
Chris Meyer,Mohamed Issa Barre,Mohamed Issa Barre,3
Chris Meyer,Mohamed Issa Barre,Uwi,12
Chris Meyer,Uwi,Billy Menz,1
Chris Meyer,Uwi,Mohamed Issa Barre,1
Chris Meyer,Uwi,Uwi,15
Dana Hansen,"Barbara A. ""Barb"" Johnson","Barbara A. ""Barb"" Johnson",1
Dana Hansen,"Barbara A. ""Barb"" Johnson",Dana Hansen,1
Dana Hansen,"Barbara A. ""Barb"" Johnson",Phillipe M. Cunningham,8
Dana Hansen,"Barbara A. ""Barb"" Johnson",Stephanie Gasca,14
Dana Hansen,"Barbara A. ""Barb"" Johnson",Uwi,1
Dana Hansen,Dana Hansen,Dana Hansen,7
Dana Hansen,Dana Hansen,Uwi,1
Dana Hansen,Phillipe M. Cunningham,"Barbara A. ""Barb"" Johnson",13
Dana Hansen,Phillipe M. Cunningham,Dana Hansen,1
Dana Hansen,Phillipe M. Cunningham,Phillipe M. Cunningham,1
Dana Hansen,Phillipe M. Cunningham,Stephanie Gasca,22
Dana Hansen,Phillipe M. Cunningham,Uwi,1
Dana Hansen,Stephanie Gasca,"Barbara A. ""Barb"" Johnson",8
Dana Hansen,Stephanie Gasca,Phillipe M. Cunningham,32
Dana Hansen,Uwi,Uwi,3
David Holsinger,Andrea Jenkins,April Kane,27
David Holsinger,Andrea Jenkins,David Holsinger,1
David Holsinger,Andrea Jenkins,Terry White,18
David Holsinger,Andrea Jenkins,Uwi,1
David Holsinger,April Kane,Andrea Jenkins,23
David Holsinger,April Kane,Terry White,9
David Holsinger,April Kane,Uwi,2
David Holsinger,David Holsinger,April Kane,1
David Holsinger,David Holsinger,David Holsinger,8
David Holsinger,Terry White,Andrea Jenkins,38
David Holsinger,Terry White,April Kane,38
David Holsinger,Terry White,David Holsinger,2
David Holsinger,Terry White,Uwi,6
David Holsinger,Uwi,Uwi,7
David Schorn,Bruce Lundeen,Lisa Bender,12
David Schorn,Bruce Lundeen,Saralyn Romanishan,35
David Schorn,Bruce Lundeen,Uwi,1
David Schorn,David Schorn,Bruce Lundeen,1
David Schorn,David Schorn,David Schorn,7
David Schorn,David Schorn,Saralyn Romanishan,2
David Schorn,Lisa Bender,Bruce Lundeen,8
David Schorn,Lisa Bender,David Schorn,1
David Schorn,Lisa Bender,Lisa Bender,1
David Schorn,Lisa Bender,Saralyn Romanishan,131
David Schorn,Lisa Bender,Uwi,3
David Schorn,Saralyn Romanishan,Bruce Lundeen,66
David Schorn,Saralyn Romanishan,David Schorn,1
David Schorn,Saralyn Romanishan,Lisa Bender,162
David Schorn,Saralyn Romanishan,Uwi,12
David Schorn,Uwi,Uwi,3
Erica Mauter,Erica Mauter,Erica Mauter,16
Erica Mauter,Erica Mauter,Jeremy Schroeder,1
Erica Mauter,Erica Mauter,John Quincy,1
Erica Mauter,Jeremy Schroeder,Erica Mauter,9
Erica Mauter,Jeremy Schroeder,Jeremy Schroeder,2
Erica Mauter,Jeremy Schroeder,John Quincy,961
Erica Mauter,Jeremy Schroeder,Uwi,42
Erica Mauter,John Quincy,Erica Mauter,5
Erica Mauter,John Quincy,Jeremy Schroeder,601
Erica Mauter,John Quincy,John Quincy,4
Erica Mauter,John Quincy,Uwi,2
Erica Mauter,Uwi,Jeremy Schroeder,2
Erica Mauter,Uwi,John Quincy,1
Erica Mauter,Uwi,Uwi,1
Fadumo Yusuf,Abdi Warsame,Abdi Warsame,2
Fadumo Yusuf,Abdi Warsame,Fadumo Yusuf,1
Fadumo Yusuf,Abdi Warsame,Mohamud Noor,24
Fadumo Yusuf,Fadumo Yusuf,Fadumo Yusuf,14
Fadumo Yusuf,Mohamud Noor,Abdi Warsame,26
Fadumo Yusuf,Mohamud Noor,Uwi,2
Fadumo Yusuf,Uwi,Uwi,4
Gary Schiff,Alondra Cano,Alondra Cano,1
Gary Schiff,Alondra Cano,Gary Schiff,6
Gary Schiff,Alondra Cano,Mohamed Farah,359
Gary Schiff,Alondra Cano,Ronald W. Peterson,27
Gary Schiff,Alondra Cano,Uwi,8
Gary Schiff,Gary Schiff,Alondra Cano,1
Gary Schiff,Gary Schiff,Gary Schiff,27
Gary Schiff,Gary Schiff,Mohamed Farah,3
Gary Schiff,Gary Schiff,Ronald W. Peterson,1
Gary Schiff,Mohamed Farah,Alondra Cano,301
Gary Schiff,Mohamed Farah,Gary Schiff,3
Gary Schiff,Mohamed Farah,Mohamed Farah,2
Gary Schiff,Mohamed Farah,Ronald W. Peterson,97
Gary Schiff,Mohamed Farah,Uwi,19
Gary Schiff,Ronald W. Peterson,Alondra Cano,18
Gary Schiff,Ronald W. Peterson,Gary Schiff,2
Gary Schiff,Ronald W. Peterson,Mohamed Farah,52
Gary Schiff,Ronald W. Peterson,Uwi,4
Gary Schiff,Uwi,Mohamed Farah,1
Gary Schiff,Uwi,Uwi,4
Ginger Jentzen,Ginger Jentzen,Ginger Jentzen,55
Ginger Jentzen,Ginger Jentzen,Samantha Pree-Stinson,1
Ginger Jentzen,Ginger Jentzen,Steve Fletcher,1
Ginger Jentzen,Ginger Jentzen,Tim Bildsoe,3
Ginger Jentzen,Samantha Pree-Stinson,Ginger Jentzen,4
Ginger Jentzen,Samantha Pree-Stinson,Samantha Pree-Stinson,3
Ginger Jentzen,Samantha Pree-Stinson,Steve Fletcher,538
Ginger Jentzen,Samantha Pree-Stinson,Tim Bildsoe,204
Ginger Jentzen,Samantha Pree-Stinson,Uwi,28
Ginger Jentzen,Steve Fletcher,Ginger Jentzen,3
Ginger Jentzen,Steve Fletcher,Samantha Pree-Stinson,421
Ginger Jentzen,Steve Fletcher,Steve Fletcher,6
Ginger Jentzen,Steve Fletcher,Tim Bildsoe,376
Ginger Jentzen,Steve Fletcher,Uwi,7
Ginger Jentzen,Tim Bildsoe,Ginger Jentzen,3
Ginger Jentzen,Tim Bildsoe,Samantha Pree-Stinson,77
Ginger Jentzen,Tim Bildsoe,Steve Fletcher,255
Ginger Jentzen,Tim Bildsoe,Tim Bildsoe,1
Ginger Jentzen,Uwi,Samantha Pree-Stinson,4
Ginger Jentzen,Uwi,Tim Bildsoe,3
Ginger Jentzen,Uwi,Uwi,13
Harrison Bullard,Andrew Johnson,Andrew Johnson,1
Harrison Bullard,Andrew Johnson,Harrison Bullard,2
Harrison Bullard,Andrew Johnson,Uwi,3
Harrison Bullard,Andrew Johnson,Will Jaeger,78
Harrison Bullard,Harrison Bullard,Harrison Bullard,5
Harrison Bullard,Harrison Bullard,Will Jaeger,2
Harrison Bullard,Uwi,Uwi,2
Harrison Bullard,Will Jaeger,Andrew Johnson,93
Harrison Bullard,Will Jaeger,Harrison Bullard,1
Harrison Bullard,Will Jaeger,Uwi,3
Harrison Bullard,Will Jaeger,Will Jaeger,1
Janne Flisrand,Janne Flisrand,Janne Flisrand,22
Janne Flisrand,Janne Flisrand,Lisa Goodman,2
Janne Flisrand,Janne Flisrand,Teqen Zéa-Aida,1
Janne Flisrand,Janne Flisrand,Uwi,1
Janne Flisrand,Joe Kovacs,Janne Flisrand,2
Janne Flisrand,Joe Kovacs,Lisa Goodman,29
Janne Flisrand,Joe Kovacs,Teqen Zéa-Aida,44
Janne Flisrand,Joe Kovacs,Uwi,3
Janne Flisrand,Lisa Goodman,Janne Flisrand,7
Janne Flisrand,Lisa Goodman,Joe Kovacs,44
Janne Flisrand,Lisa Goodman,Lisa Goodman,1
Janne Flisrand,Lisa Goodman,Teqen Zéa-Aida,582
Janne Flisrand,Lisa Goodman,Uwi,8
Janne Flisrand,Teqen Zéa-Aida,Janne Flisrand,4
Janne Flisrand,Teqen Zéa-Aida,Joe Kovacs,90
Janne Flisrand,Teqen Zéa-Aida,Lisa Goodman,642
Janne Flisrand,Teqen Zéa-Aida,Teqen Zéa-Aida,4
Janne Flisrand,Teqen Zéa-Aida,Uwi,40
Janne Flisrand,Uwi,Teqen Zéa-Aida,1
Janne Flisrand,Uwi,Uwi,2
Jennifer Zielinski,Bob Fine,Brad Bourn,266
Jennifer Zielinski,Bob Fine,Jennifer Zielinski,6
Jennifer Zielinski,Bob Fine,"Robert M Schlosser ""Bob""",189
Jennifer Zielinski,Bob Fine,Uwi,12
Jennifer Zielinski,Brad Bourn,Bob Fine,185
Jennifer Zielinski,Brad Bourn,Brad Bourn,1
Jennifer Zielinski,Brad Bourn,"Robert M Schlosser ""Bob""",132
Jennifer Zielinski,Brad Bourn,Uwi,2
Jennifer Zielinski,Jennifer Zielinski,Bob Fine,1
Jennifer Zielinski,Jennifer Zielinski,Jennifer Zielinski,31
Jennifer Zielinski,Jennifer Zielinski,"Robert M Schlosser ""Bob""",3
Jennifer Zielinski,"Robert M Schlosser ""Bob""",Bob Fine,136
Jennifer Zielinski,"Robert M Schlosser ""Bob""",Brad Bourn,142
Jennifer Zielinski,"Robert M Schlosser ""Bob""",Jennifer Zielinski,2
Jennifer Zielinski,"Robert M Schlosser ""Bob""",Uwi,8
Jennifer Zielinski,Uwi,Uwi,12
Jeremiah Ellison,Blong Yang,Blong Yang,3
Jeremiah Ellison,Blong Yang,Cathy Spann,121
Jeremiah Ellison,Blong Yang,Jeremiah Ellison,9
Jeremiah Ellison,Blong Yang,Raeisha (Ra) Williams,267
Jeremiah Ellison,Blong Yang,Uwi,7
Jeremiah Ellison,Cathy Spann,Blong Yang,51
Jeremiah Ellison,Cathy Spann,Cathy Spann,1
Jeremiah Ellison,Cathy Spann,Jeremiah Ellison,3
Jeremiah Ellison,Cathy Spann,Raeisha (Ra) Williams,116
Jeremiah Ellison,Cathy Spann,Uwi,3
Jeremiah Ellison,Jeremiah Ellison,Blong Yang,1
Jeremiah Ellison,Jeremiah Ellison,Cathy Spann,2
Jeremiah Ellison,Jeremiah Ellison,Jeremiah Ellison,95
Jeremiah Ellison,Jeremiah Ellison,Raeisha (Ra) Williams,10
Jeremiah Ellison,Raeisha (Ra) Williams,Blong Yang,301
Jeremiah Ellison,Raeisha (Ra) Williams,Cathy Spann,275
Jeremiah Ellison,Raeisha (Ra) Williams,Jeremiah Ellison,10
Jeremiah Ellison,Raeisha (Ra) Williams,Raeisha (Ra) Williams,10
Jeremiah Ellison,Raeisha (Ra) Williams,Uwi,9
Jeremiah Ellison,Uwi,Uwi,5
Jeremy Schroeder,Erica Mauter,Erica Mauter,3
Jeremy Schroeder,Erica Mauter,Jeremy Schroeder,6
Jeremy Schroeder,Erica Mauter,John Quincy,898
Jeremy Schroeder,Erica Mauter,Uwi,46
Jeremy Schroeder,Jeremy Schroeder,Jeremy Schroeder,11
Jeremy Schroeder,Jeremy Schroeder,John Quincy,2
Jeremy Schroeder,John Quincy,Erica Mauter,744
Jeremy Schroeder,John Quincy,Jeremy Schroeder,4
Jeremy Schroeder,John Quincy,John Quincy,3
Jeremy Schroeder,John Quincy,Uwi,15
Jeremy Schroeder,Uwi,Erica Mauter,1
Jeremy Schroeder,Uwi,John Quincy,1
Jeremy Schroeder,Uwi,Uwi,4
Jillia Pessenda,Jillia Pessenda,Jillia Pessenda,33
Jillia Pessenda,Jillia Pessenda,John Hayden,4
Jillia Pessenda,Jillia Pessenda,Kevin Reich,8
Jillia Pessenda,John Hayden,Jillia Pessenda,2
Jillia Pessenda,John Hayden,John Hayden,1
Jillia Pessenda,John Hayden,Kevin Reich,428
Jillia Pessenda,John Hayden,Uwi,22
Jillia Pessenda,Kevin Reich,Jillia Pessenda,14
Jillia Pessenda,Kevin Reich,John Hayden,1116
Jillia Pessenda,Kevin Reich,Kevin Reich,5
Jillia Pessenda,Kevin Reich,Uwi,42
Jillia Pessenda,Uwi,John Hayden,4
Jillia Pessenda,Uwi,Kevin Reich,8
Jillia Pessenda,Uwi,Uwi,18
Joe Kovacs,Janne Flisrand,Janne Flisrand,1
Joe Kovacs,Janne Flisrand,Lisa Goodman,29
Joe Kovacs,Janne Flisrand,Teqen Zéa-Aida,32
Joe Kovacs,Janne Flisrand,Uwi,2
Joe Kovacs,Joe Kovacs,Janne Flisrand,2
Joe Kovacs,Joe Kovacs,Joe Kovacs,26
Joe Kovacs,Lisa Goodman,Janne Flisrand,61
Joe Kovacs,Lisa Goodman,Joe Kovacs,2
Joe Kovacs,Lisa Goodman,Teqen Zéa-Aida,22
Joe Kovacs,Lisa Goodman,Uwi,7
Joe Kovacs,Teqen Zéa-Aida,Janne Flisrand,16
Joe Kovacs,Teqen Zéa-Aida,Lisa Goodman,15
Joe Kovacs,Teqen Zéa-Aida,Teqen Zéa-Aida,2
Joe Kovacs,Uwi,Janne Flisrand,2
Joe Kovacs,Uwi,Lisa Goodman,1
Joe Kovacs,Uwi,Uwi,10
John Hayden,Jillia Pessenda,Jillia Pessenda,2
John Hayden,Jillia Pessenda,John Hayden,5
John Hayden,Jillia Pessenda,Kevin Reich,172
John Hayden,Jillia Pessenda,Uwi,10
John Hayden,John Hayden,John Hayden,35
John Hayden,John Hayden,Kevin Reich,2
John Hayden,Kevin Reich,Jillia Pessenda,145
John Hayden,Kevin Reich,John Hayden,2
John Hayden,Kevin Reich,Kevin Reich,2
John Hayden,Kevin Reich,Uwi,11
John Hayden,Uwi,Uwi,9
John Quincy,Erica Mauter,Erica Mauter,3
John Quincy,Erica Mauter,Jeremy Schroeder,677
John Quincy,Erica Mauter,John Quincy,2
John Quincy,Erica Mauter,Uwi,12
John Quincy,Jeremy Schroeder,Erica Mauter,770
John Quincy,Jeremy Schroeder,John Quincy,8
John Quincy,Jeremy Schroeder,Uwi,13
John Quincy,John Quincy,Erica Mauter,2
John Quincy,John Quincy,Jeremy Schroeder,3
John Quincy,John Quincy,John Quincy,30
John Quincy,Uwi,Uwi,10
Jono Cowgill,Jono Cowgill,Jono Cowgill,89
Jono Cowgill,Jono Cowgill,Tom Nordyke,11
Jono Cowgill,Jono Cowgill,Uwi,1
Jono Cowgill,Tom Nordyke,Jono Cowgill,78
Jono Cowgill,Tom Nordyke,Tom Nordyke,14
Jono Cowgill,Tom Nordyke,Uwi,216
Jono Cowgill,Uwi,Jono Cowgill,1
Jono Cowgill,Uwi,Tom Nordyke,14
Jono Cowgill,Uwi,Uwi,44
Kale Severson,Kale Severson,Kale Severson,186
Kale Severson,Kale Severson,Mike Talley Tate,24
Kale Severson,Kale Severson,Uwi,1
Kale Severson,Mike Talley Tate,Kale Severson,121
Kale Severson,Mike Talley Tate,Mike Talley Tate,34
Kale Severson,Mike Talley Tate,Uwi,186
Kale Severson,Uwi,Kale Severson,1
Kale Severson,Uwi,Mike Talley Tate,9
Kale Severson,Uwi,Uwi,32
Kevin Reich,Jillia Pessenda,Jillia Pessenda,7
Kevin Reich,Jillia Pessenda,John Hayden,1052
Kevin Reich,Jillia Pessenda,Kevin Reich,20
Kevin Reich,Jillia Pessenda,Uwi,29
Kevin Reich,John Hayden,Jillia Pessenda,420
Kevin Reich,John Hayden,John Hayden,7
Kevin Reich,John Hayden,Kevin Reich,8
Kevin Reich,John Hayden,Uwi,30
Kevin Reich,Kevin Reich,Jillia Pessenda,5
Kevin Reich,Kevin Reich,John Hayden,9
Kevin Reich,Kevin Reich,Kevin Reich,92
Kevin Reich,Uwi,Jillia Pessenda,3
Kevin Reich,Uwi,John Hayden,4
Kevin Reich,Uwi,Kevin Reich,1
Kevin Reich,Uwi,Uwi,17
Linea Palmisano,Bob Reuer,Bob Reuer,16
Linea Palmisano,Bob Reuer,Linea Palmisano,33
Linea Palmisano,Bob Reuer,Uwi,161
Linea Palmisano,Linea Palmisano,Bob Reuer,26
Linea Palmisano,Linea Palmisano,Linea Palmisano,266
Linea Palmisano,Linea Palmisano,Uwi,2
Linea Palmisano,Uwi,Bob Reuer,22
Linea Palmisano,Uwi,Linea Palmisano,1
Linea Palmisano,Uwi,Uwi,70
Lisa Bender,Bruce Lundeen,Bruce Lundeen,1
Lisa Bender,Bruce Lundeen,David Schorn,29
Lisa Bender,Bruce Lundeen,Lisa Bender,1
Lisa Bender,Bruce Lundeen,Saralyn Romanishan,24
Lisa Bender,David Schorn,Bruce Lundeen,41
Lisa Bender,David Schorn,David Schorn,2
Lisa Bender,David Schorn,Saralyn Romanishan,817
Lisa Bender,David Schorn,Uwi,13
Lisa Bender,Lisa Bender,Bruce Lundeen,1
Lisa Bender,Lisa Bender,David Schorn,1
Lisa Bender,Lisa Bender,Lisa Bender,39
Lisa Bender,Lisa Bender,Saralyn Romanishan,2
Lisa Bender,Saralyn Romanishan,Bruce Lundeen,32
Lisa Bender,Saralyn Romanishan,David Schorn,1478
Lisa Bender,Saralyn Romanishan,Lisa Bender,3
Lisa Bender,Saralyn Romanishan,Saralyn Romanishan,2
Lisa Bender,Saralyn Romanishan,Uwi,11
Lisa Bender,Uwi,David Schorn,2
Lisa Bender,Uwi,Saralyn Romanishan,2
Lisa Bender,Uwi,Uwi,30
Lisa Goodman,Janne Flisrand,Janne Flisrand,10
Lisa Goodman,Janne Flisrand,Joe Kovacs,105
Lisa Goodman,Janne Flisrand,Lisa Goodman,10
Lisa Goodman,Janne Flisrand,Teqen Zéa-Aida,1003
Lisa Goodman,Janne Flisrand,Uwi,6
Lisa Goodman,Joe Kovacs,Janne Flisrand,93
Lisa Goodman,Joe Kovacs,Joe Kovacs,5
Lisa Goodman,Joe Kovacs,Lisa Goodman,1
Lisa Goodman,Joe Kovacs,Teqen Zéa-Aida,70
Lisa Goodman,Joe Kovacs,Uwi,10
Lisa Goodman,Lisa Goodman,Janne Flisrand,5
Lisa Goodman,Lisa Goodman,Joe Kovacs,2
Lisa Goodman,Lisa Goodman,Lisa Goodman,75
Lisa Goodman,Lisa Goodman,Teqen Zéa-Aida,1
Lisa Goodman,Teqen Zéa-Aida,Janne Flisrand,462
Lisa Goodman,Teqen Zéa-Aida,Joe Kovacs,56
Lisa Goodman,Teqen Zéa-Aida,Lisa Goodman,1
Lisa Goodman,Teqen Zéa-Aida,Uwi,7
Lisa Goodman,Uwi,Janne Flisrand,1
Lisa Goodman,Uwi,Joe Kovacs,1
Lisa Goodman,Uwi,Teqen Zéa-Aida,2
Lisa Goodman,Uwi,Uwi,7
Mike Talley Tate,Kale Severson,Kale Severson,29
Mike Talley Tate,Kale Severson,Mike Talley Tate,111
Mike Talley Tate,Kale Severson,Uwi,135
Mike Talley Tate,Mike Talley Tate,Kale Severson,23
Mike Talley Tate,Mike Talley Tate,Mike Talley Tate,191
Mike Talley Tate,Mike Talley Tate,Uwi,3
Mike Talley Tate,Uwi,Kale Severson,18
Mike Talley Tate,Uwi,Mike Talley Tate,1
Mike Talley Tate,Uwi,Uwi,25
Mohamed Farah,Alondra Cano,Alondra Cano,2
Mohamed Farah,Alondra Cano,Gary Schiff,195
Mohamed Farah,Alondra Cano,Mohamed Farah,5
Mohamed Farah,Alondra Cano,Ronald W. Peterson,16
Mohamed Farah,Alondra Cano,Uwi,5
Mohamed Farah,Gary Schiff,Alondra Cano,146
Mohamed Farah,Gary Schiff,Gary Schiff,1
Mohamed Farah,Gary Schiff,Mohamed Farah,4
Mohamed Farah,Gary Schiff,Ronald W. Peterson,23
Mohamed Farah,Gary Schiff,Uwi,1
Mohamed Farah,Mohamed Farah,Alondra Cano,1
Mohamed Farah,Mohamed Farah,Gary Schiff,3
Mohamed Farah,Mohamed Farah,Mohamed Farah,112
Mohamed Farah,Mohamed Farah,Ronald W. Peterson,1
Mohamed Farah,Ronald W. Peterson,Alondra Cano,15
Mohamed Farah,Ronald W. Peterson,Gary Schiff,9
Mohamed Farah,Ronald W. Peterson,Mohamed Farah,1
Mohamed Farah,Ronald W. Peterson,Uwi,2
Mohamed Farah,Uwi,Alondra Cano,1
Mohamed Farah,Uwi,Mohamed Farah,1
Mohamed Issa Barre,Billy Menz,Billy Menz,3
Mohamed Issa Barre,Billy Menz,Chris Meyer,646
Mohamed Issa Barre,Billy Menz,Mohamed Issa Barre,6
Mohamed Issa Barre,Billy Menz,Uwi,5
Mohamed Issa Barre,Chris Meyer,Billy Menz,731
Mohamed Issa Barre,Chris Meyer,Chris Meyer,2
Mohamed Issa Barre,Chris Meyer,Mohamed Issa Barre,5
Mohamed Issa Barre,Chris Meyer,Uwi,4
Mohamed Issa Barre,Mohamed Issa Barre,Billy Menz,1
Mohamed Issa Barre,Mohamed Issa Barre,Chris Meyer,4
Mohamed Issa Barre,Mohamed Issa Barre,Mohamed Issa Barre,79
Mohamed Issa Barre,Uwi,Billy Menz,1
Mohamed Issa Barre,Uwi,Chris Meyer,1
Mohamed Issa Barre,Uwi,Uwi,8
Mohamud Noor,Abdi Warsame,Abdi Warsame,7
Mohamud Noor,Abdi Warsame,Fadumo Yusuf,316
Mohamud Noor,Abdi Warsame,Mohamud Noor,19
Mohamud Noor,Abdi Warsame,Tiffini Forslund,3
Mohamud Noor,Abdi Warsame,Uwi,50
Mohamud Noor,Fadumo Yusuf,Abdi Warsame,98
Mohamud Noor,Fadumo Yusuf,Mohamud Noor,2
Mohamud Noor,Fadumo Yusuf,Uwi,11
Mohamud Noor,Mohamud Noor,Abdi Warsame,7
Mohamud Noor,Mohamud Noor,Fadumo Yusuf,2
Mohamud Noor,Mohamud Noor,Mohamud Noor,370
Mohamud Noor,Tiffini Forslund,Uwi,1
Mohamud Noor,Uwi,Abdi Warsame,3
Mohamud Noor,Uwi,Uwi,10
Phillipe M. Cunningham,"Barbara A. ""Barb"" Johnson","Barbara A. ""Barb"" Johnson",6
Phillipe M. Cunningham,"Barbara A. ""Barb"" Johnson",Dana Hansen,37
Phillipe M. Cunningham,"Barbara A. ""Barb"" Johnson",Phillipe M. Cunningham,6
Phillipe M. Cunningham,"Barbara A. ""Barb"" Johnson",Stephanie Gasca,312
Phillipe M. Cunningham,"Barbara A. ""Barb"" Johnson",Uwi,1
Phillipe M. Cunningham,Dana Hansen,"Barbara A. ""Barb"" Johnson",25
Phillipe M. Cunningham,Dana Hansen,Dana Hansen,1
Phillipe M. Cunningham,Dana Hansen,Phillipe M. Cunningham,3
Phillipe M. Cunningham,Dana Hansen,Stephanie Gasca,64
Phillipe M. Cunningham,Dana Hansen,Uwi,3
Phillipe M. Cunningham,Phillipe M. Cunningham,"Barbara A. ""Barb"" Johnson",4
Phillipe M. Cunningham,Phillipe M. Cunningham,Dana Hansen,1
Phillipe M. Cunningham,Phillipe M. Cunningham,Phillipe M. Cunningham,67
Phillipe M. Cunningham,Phillipe M. Cunningham,Stephanie Gasca,4
Phillipe M. Cunningham,Phillipe M. Cunningham,Uwi,1
Phillipe M. Cunningham,Stephanie Gasca,"Barbara A. ""Barb"" Johnson",383
Phillipe M. Cunningham,Stephanie Gasca,Dana Hansen,293
Phillipe M. Cunningham,Stephanie Gasca,Phillipe M. Cunningham,9
Phillipe M. Cunningham,Stephanie Gasca,Stephanie Gasca,5
Phillipe M. Cunningham,Stephanie Gasca,Uwi,28
Phillipe M. Cunningham,Uwi,"Barbara A. ""Barb"" Johnson",1
Phillipe M. Cunningham,Uwi,Stephanie Gasca,4
Phillipe M. Cunningham,Uwi,Uwi,3
Raeisha (Ra) Williams,Blong Yang,Blong Yang,2
Raeisha (Ra) Williams,Blong Yang,Cathy Spann,17
Raeisha (Ra) Williams,Blong Yang,Jeremiah Ellison,58
Raeisha (Ra) Williams,Blong Yang,Raeisha (Ra) Williams,1
Raeisha (Ra) Williams,Cathy Spann,Blong Yang,14
Raeisha (Ra) Williams,Cathy Spann,Cathy Spann,3
Raeisha (Ra) Williams,Cathy Spann,Jeremiah Ellison,31
Raeisha (Ra) Williams,Jeremiah Ellison,Blong Yang,94
Raeisha (Ra) Williams,Jeremiah Ellison,Cathy Spann,71
Raeisha (Ra) Williams,Jeremiah Ellison,Jeremiah Ellison,3
Raeisha (Ra) Williams,Jeremiah Ellison,Raeisha (Ra) Williams,3
Raeisha (Ra) Williams,Jeremiah Ellison,Uwi,4
Raeisha (Ra) Williams,Raeisha (Ra) Williams,Jeremiah Ellison,3
Raeisha (Ra) Williams,Raeisha (Ra) Williams,Raeisha (Ra) Williams,24
"Robert M Schlosser ""Bob""",Bob Fine,Bob Fine,1
"Robert M Schlosser ""Bob""",Bob Fine,Brad Bourn,43
"Robert M Schlosser ""Bob""",Bob Fine,Jennifer Zielinski,68
"Robert M Schlosser ""Bob""",Bob Fine,"Robert M Schlosser ""Bob""",2
"Robert M Schlosser ""Bob""",Bob Fine,Uwi,3
"Robert M Schlosser ""Bob""",Brad Bourn,Bob Fine,50
"Robert M Schlosser ""Bob""",Brad Bourn,Brad Bourn,1
"Robert M Schlosser ""Bob""",Brad Bourn,Jennifer Zielinski,41
"Robert M Schlosser ""Bob""",Brad Bourn,"Robert M Schlosser ""Bob""",2
"Robert M Schlosser ""Bob""",Brad Bourn,Uwi,1
"Robert M Schlosser ""Bob""",Jennifer Zielinski,Bob Fine,67
"Robert M Schlosser ""Bob""",Jennifer Zielinski,Brad Bourn,51
"Robert M Schlosser ""Bob""",Jennifer Zielinski,Uwi,2
"Robert M Schlosser ""Bob""","Robert M Schlosser ""Bob""","Robert M Schlosser ""Bob""",9
"Robert M Schlosser ""Bob""",Uwi,Uwi,2
Ronald W. Peterson,Alondra Cano,Gary Schiff,7
Ronald W. Peterson,Alondra Cano,Mohamed Farah,7
Ronald W. Peterson,Gary Schiff,Alondra Cano,12
Ronald W. Peterson,Gary Schiff,Mohamed Farah,14
Ronald W. Peterson,Gary Schiff,Ronald W. Peterson,1
Ronald W. Peterson,Gary Schiff,Uwi,1
Ronald W. Peterson,Mohamed Farah,Alondra Cano,7
Ronald W. Peterson,Mohamed Farah,Gary Schiff,12
Ronald W. Peterson,Mohamed Farah,Ronald W. Peterson,1
Ronald W. Peterson,Mohamed Farah,Uwi,1
Ronald W. Peterson,Ronald W. Peterson,Mohamed Farah,1
Ronald W. Peterson,Ronald W. Peterson,Ronald W. Peterson,12
Ronald W. Peterson,Uwi,Uwi,5
Samantha Pree-Stinson,Ginger Jentzen,Ginger Jentzen,1
Samantha Pree-Stinson,Ginger Jentzen,Samantha Pree-Stinson,4
Samantha Pree-Stinson,Ginger Jentzen,Steve Fletcher,153
Samantha Pree-Stinson,Ginger Jentzen,Tim Bildsoe,56
Samantha Pree-Stinson,Ginger Jentzen,Uwi,7
Samantha Pree-Stinson,Samantha Pree-Stinson,Samantha Pree-Stinson,12
Samantha Pree-Stinson,Samantha Pree-Stinson,Steve Fletcher,1
Samantha Pree-Stinson,Samantha Pree-Stinson,Tim Bildsoe,1
Samantha Pree-Stinson,Steve Fletcher,Ginger Jentzen,145
Samantha Pree-Stinson,Steve Fletcher,Samantha Pree-Stinson,1
Samantha Pree-Stinson,Steve Fletcher,Steve Fletcher,1
Samantha Pree-Stinson,Steve Fletcher,Tim Bildsoe,161
Samantha Pree-Stinson,Steve Fletcher,Uwi,2
Samantha Pree-Stinson,Tim Bildsoe,Ginger Jentzen,30
Samantha Pree-Stinson,Tim Bildsoe,Steve Fletcher,111
Samantha Pree-Stinson,Uwi,Uwi,2
Saralyn Romanishan,Bruce Lundeen,David Schorn,28
Saralyn Romanishan,Bruce Lundeen,Lisa Bender,9
Saralyn Romanishan,Bruce Lundeen,Saralyn Romanishan,1
Saralyn Romanishan,David Schorn,Bruce Lundeen,117
Saralyn Romanishan,David Schorn,Lisa Bender,258
Saralyn Romanishan,David Schorn,Saralyn Romanishan,1
Saralyn Romanishan,David Schorn,Uwi,30
Saralyn Romanishan,Lisa Bender,Bruce Lundeen,12
Saralyn Romanishan,Lisa Bender,David Schorn,490
Saralyn Romanishan,Lisa Bender,Lisa Bender,1
Saralyn Romanishan,Lisa Bender,Saralyn Romanishan,2
Saralyn Romanishan,Lisa Bender,Uwi,11
Saralyn Romanishan,Saralyn Romanishan,Lisa Bender,2
Saralyn Romanishan,Saralyn Romanishan,Saralyn Romanishan,9
Saralyn Romanishan,Uwi,David Schorn,3
Saralyn Romanishan,Uwi,Lisa Bender,2
Saralyn Romanishan,Uwi,Uwi,2
Steffanie Musich,Andrea Fahrenkrug,Andrea Fahrenkrug,4
Steffanie Musich,Andrea Fahrenkrug,Bill Shroyer,2064
Steffanie Musich,Andrea Fahrenkrug,Steffanie Musich,15
Steffanie Musich,Andrea Fahrenkrug,Uwi,15
Steffanie Musich,Bill Shroyer,Andrea Fahrenkrug,1260
Steffanie Musich,Bill Shroyer,Bill Shroyer,3
Steffanie Musich,Bill Shroyer,Steffanie Musich,7
Steffanie Musich,Bill Shroyer,Uwi,34
Steffanie Musich,Steffanie Musich,Andrea Fahrenkrug,6
Steffanie Musich,Steffanie Musich,Bill Shroyer,4
Steffanie Musich,Steffanie Musich,Steffanie Musich,60
Steffanie Musich,Uwi,Andrea Fahrenkrug,4
Steffanie Musich,Uwi,Bill Shroyer,2
Steffanie Musich,Uwi,Uwi,31
Stephanie Gasca,"Barbara A. ""Barb"" Johnson","Barbara A. ""Barb"" Johnson",1
Stephanie Gasca,"Barbara A. ""Barb"" Johnson",Dana Hansen,25
Stephanie Gasca,"Barbara A. ""Barb"" Johnson",Phillipe M. Cunningham,64
Stephanie Gasca,"Barbara A. ""Barb"" Johnson",Stephanie Gasca,1
Stephanie Gasca,"Barbara A. ""Barb"" Johnson",Uwi,1
Stephanie Gasca,Dana Hansen,"Barbara A. ""Barb"" Johnson",14
Stephanie Gasca,Dana Hansen,Phillipe M. Cunningham,30
Stephanie Gasca,Dana Hansen,Stephanie Gasca,3
Stephanie Gasca,Phillipe M. Cunningham,"Barbara A. ""Barb"" Johnson",113
Stephanie Gasca,Phillipe M. Cunningham,Dana Hansen,98
Stephanie Gasca,Phillipe M. Cunningham,Phillipe M. Cunningham,1
Stephanie Gasca,Phillipe M. Cunningham,Stephanie Gasca,4
Stephanie Gasca,Phillipe M. Cunningham,Uwi,19
Stephanie Gasca,Stephanie Gasca,Dana Hansen,3
Stephanie Gasca,Stephanie Gasca,Phillipe M. Cunningham,5
Stephanie Gasca,Stephanie Gasca,Stephanie Gasca,23
Stephanie Gasca,Uwi,Dana Hansen,1
Steve Fletcher,Ginger Jentzen,Ginger Jentzen,1
Steve Fletcher,Ginger Jentzen,Samantha Pree-Stinson,204
Steve Fletcher,Ginger Jentzen,Steve Fletcher,4
Steve Fletcher,Ginger Jentzen,Tim Bildsoe,156
Steve Fletcher,Ginger Jentzen,Uwi,2
Steve Fletcher,Samantha Pree-Stinson,Ginger Jentzen,243
Steve Fletcher,Samantha Pree-Stinson,Samantha Pree-Stinson,2
Steve Fletcher,Samantha Pree-Stinson,Steve Fletcher,2
Steve Fletcher,Samantha Pree-Stinson,Tim Bildsoe,159
Steve Fletcher,Samantha Pree-Stinson,Uwi,10
Steve Fletcher,Steve Fletcher,Ginger Jentzen,1
Steve Fletcher,Steve Fletcher,Samantha Pree-Stinson,1
Steve Fletcher,Steve Fletcher,Steve Fletcher,23
Steve Fletcher,Steve Fletcher,Tim Bildsoe,4
Steve Fletcher,Tim Bildsoe,Ginger Jentzen,271
Steve Fletcher,Tim Bildsoe,Samantha Pree-Stinson,422
Steve Fletcher,Tim Bildsoe,Steve Fletcher,7
Steve Fletcher,Tim Bildsoe,Tim Bildsoe,6
Steve Fletcher,Tim Bildsoe,Uwi,29
Steve Fletcher,Uwi,Samantha Pree-Stinson,3
Steve Fletcher,Uwi,Tim Bildsoe,2
Steve Fletcher,Uwi,Uwi,1
Teqen Zéa-Aida,Janne Flisrand,Joe Kovacs,39
Teqen Zéa-Aida,Janne Flisrand,Lisa Goodman,243
Teqen Zéa-Aida,Janne Flisrand,Uwi,16
Teqen Zéa-Aida,Joe Kovacs,Janne Flisrand,14
Teqen Zéa-Aida,Joe Kovacs,Lisa Goodman,8
Teqen Zéa-Aida,Lisa Goodman,Janne Flisrand,238
Teqen Zéa-Aida,Lisa Goodman,Joe Kovacs,12
Teqen Zéa-Aida,Lisa Goodman,Uwi,5
Teqen Zéa-Aida,Teqen Zéa-Aida,Janne Flisrand,1
Teqen Zéa-Aida,Teqen Zéa-Aida,Lisa Goodman,1
Teqen Zéa-Aida,Teqen Zéa-Aida,Teqen Zéa-Aida,11
Teqen Zéa-Aida,Uwi,Janne Flisrand,1
Teqen Zéa-Aida,Uwi,Uwi,3
Terry White,Andrea Jenkins,Andrea Jenkins,1
Terry White,Andrea Jenkins,April Kane,267
Terry White,Andrea Jenkins,David Holsinger,42
Terry White,Andrea Jenkins,Uwi,6
Terry White,April Kane,Andrea Jenkins,96
Terry White,April Kane,David Holsinger,47
Terry White,April Kane,Terry White,7
Terry White,April Kane,Uwi,1
Terry White,David Holsinger,Andrea Jenkins,24
Terry White,David Holsinger,April Kane,60
Terry White,David Holsinger,David Holsinger,1
Terry White,David Holsinger,Terry White,1
Terry White,David Holsinger,Uwi,2
Terry White,Terry White,Andrea Jenkins,3
Terry White,Terry White,Terry White,7
Terry White,Uwi,Andrea Jenkins,1
Tiffini Forslund,Fadumo Yusuf,Mohamud Noor,1
Tiffini Forslund,Mohamud Noor,Uwi,1
Tim Bildsoe,Ginger Jentzen,Ginger Jentzen,1
Tim Bildsoe,Ginger Jentzen,Samantha Pree-Stinson,46
Tim Bildsoe,Ginger Jentzen,Steve Fletcher,89
Tim Bildsoe,Ginger Jentzen,Uwi,2
Tim Bildsoe,Samantha Pree-Stinson,Ginger Jentzen,32
Tim Bildsoe,Samantha Pree-Stinson,Samantha Pree-Stinson,1
Tim Bildsoe,Samantha Pree-Stinson,Steve Fletcher,131
Tim Bildsoe,Samantha Pree-Stinson,Tim Bildsoe,1
Tim Bildsoe,Samantha Pree-Stinson,Uwi,1
Tim Bildsoe,Steve Fletcher,Ginger Jentzen,201
Tim Bildsoe,Steve Fletcher,Samantha Pree-Stinson,574
Tim Bildsoe,Steve Fletcher,Steve Fletcher,4
Tim Bildsoe,Steve Fletcher,Tim Bildsoe,11
Tim Bildsoe,Steve Fletcher,Uwi,38
Tim Bildsoe,Tim Bildsoe,Ginger Jentzen,2
Tim Bildsoe,Tim Bildsoe,Samantha Pree-Stinson,2
Tim Bildsoe,Tim Bildsoe,Steve Fletcher,3
Tim Bildsoe,Tim Bildsoe,Tim Bildsoe,25
Tim Bildsoe,Uwi,Steve Fletcher,1
Tim Bildsoe,Uwi,Uwi,5
Tom Nordyke,Jono Cowgill,Jono Cowgill,20
Tom Nordyke,Jono Cowgill,Tom Nordyke,58
Tom Nordyke,Jono Cowgill,Uwi,161
Tom Nordyke,Tom Nordyke,Jono Cowgill,13
Tom Nordyke,Tom Nordyke,Tom Nordyke,90
Tom Nordyke,Uwi,Jono Cowgill,7
Tom Nordyke,Uwi,Uwi,30
Uwi,Abdi Warsame,Mohamud Noor,1
Uwi,Ak Hassan,Charles Exner,2
Uwi,Alondra Cano,Gary Schiff,3
Uwi,Alondra Cano,Mohamed Farah,2
Uwi,Andrea Fahrenkrug,Bill Shroyer,2
Uwi,Andrea Jenkins,Uwi,1
Uwi,Andrew Johnson,Uwi,1
Uwi,"Barbara A. ""Barb"" Johnson",Phillipe M. Cunningham,1
Uwi,Bill Shroyer,Andrea Fahrenkrug,1
Uwi,Bill Shroyer,Steffanie Musich,2
Uwi,Billy Menz,Chris Meyer,2
Uwi,Billy Menz,Mohamed Issa Barre,1
Uwi,Bob Fine,Brad Bourn,1
Uwi,Bob Fine,Jennifer Zielinski,1
Uwi,Bob Fine,"Robert M Schlosser ""Bob""",2
Uwi,Bob Reuer,Linea Palmisano,4
Uwi,Bob Reuer,Uwi,2
Uwi,Brad Bourn,Bob Fine,2
Uwi,Brad Bourn,Uwi,1
Uwi,Cam Gordon,Cam Gordon,3
Uwi,Cam Gordon,Uwi,4
Uwi,Charles Exner,Uwi,2
Uwi,Chris Meyer,Billy Menz,3
Uwi,David Schorn,Lisa Bender,2
Uwi,Harrison Bullard,Will Jaeger,5
Uwi,Janne Flisrand,Lisa Goodman,1
Uwi,Janne Flisrand,Uwi,1
Uwi,Jeremiah Ellison,Raeisha (Ra) Williams,1
Uwi,Jeremy Schroeder,John Quincy,2
Uwi,Jillia Pessenda,Kevin Reich,2
Uwi,Joe Kovacs,Lisa Goodman,1
Uwi,John Hayden,Kevin Reich,2
Uwi,John Quincy,Jeremy Schroeder,1
Uwi,John Quincy,Uwi,2
Uwi,Jono Cowgill,Tom Nordyke,11
Uwi,Kale Severson,Mike Talley Tate,5
Uwi,Kevin Reich,Jillia Pessenda,2
Uwi,Kevin Reich,John Hayden,1
Uwi,Linea Palmisano,Bob Reuer,4
Uwi,Linea Palmisano,Uwi,2
Uwi,Lisa Bender,Saralyn Romanishan,2
Uwi,Lisa Goodman,Janne Flisrand,2
Uwi,Lisa Goodman,Teqen Zéa-Aida,1
Uwi,Mike Talley Tate,Kale Severson,5
Uwi,Mohamed Issa Barre,Billy Menz,1
Uwi,Mohamed Issa Barre,Mohamed Issa Barre,1
Uwi,Mohamud Noor,Abdi Warsame,2
Uwi,Mohamud Noor,Fadumo Yusuf,1
Uwi,Mohamud Noor,Mohamud Noor,1
Uwi,Phillipe M. Cunningham,Stephanie Gasca,1
Uwi,Phillipe M. Cunningham,Uwi,1
Uwi,"Robert M Schlosser ""Bob""",Jennifer Zielinski,2
Uwi,Saralyn Romanishan,Lisa Bender,2
Uwi,Steffanie Musich,Andrea Fahrenkrug,2
Uwi,Steffanie Musich,Bill Shroyer,2
Uwi,Steffanie Musich,Uwi,1
Uwi,Steve Fletcher,Tim Bildsoe,1
Uwi,Terry White,Andrea Jenkins,1
Uwi,Tim Bildsoe,Steve Fletcher,3
Uwi,Tom Nordyke,Jono Cowgill,2
Uwi,Tom Nordyke,Uwi,1
Uwi,Uwi,Alondra Cano,3
Uwi,Uwi,Bob Reuer,1
Uwi,Uwi,Cam Gordon,2
Uwi,Uwi,Linea Palmisano,1
Uwi,Uwi,Mike Talley Tate,2
Uwi,Uwi,Mohamed Farah,1
Uwi,Uwi,Mohamud Noor,1
Uwi,Uwi,Steffanie Musich,1
Uwi,Uwi,Tim Bildsoe,1
Uwi,Uwi,Uwi,264
Uwi,Will Jaeger,Andrew Johnson,1
Will Jaeger,Andrew Johnson,Andrew Johnson,3
Will Jaeger,Andrew Johnson,Harrison Bullard,182
Will Jaeger,Andrew Johnson,Uwi,2
Will Jaeger,Harrison Bullard,Andrew Johnson,197
Will Jaeger,Harrison Bullard,Harrison Bullard,2
Will Jaeger,Harrison Bullard,Uwi,18
Will Jaeger,Harrison Bullard,Will Jaeger,3
Will Jaeger,Uwi,Uwi,6
Will Jaeger,Will Jaeger,Andrew Johnson,2
Will Jaeger,Will Jaeger,Harrison Bullard,1
Will Jaeger,Will Jaeger,Will Jaeger,15
